{"status":"done","publicPath":"https://ols-staging.herokuapp.com/static/","chunks":{"app":[{"name":"css/app.bc8791d6.css","publicPath":"https://ols-staging.herokuapp.com/static/css/app.bc8791d6.css","path":"/home/spartan/EndProject/onlinelearningsystem/frontend/dist/css/app.bc8791d6.css"},{"name":"bundle.js","publicPath":"https://ols-staging.herokuapp.com/static/bundle.js","path":"/home/spartan/EndProject/onlinelearningsystem/frontend/dist/bundle.js"},{"name":"css/app.bc8791d6.css.map","publicPath":"https://ols-staging.herokuapp.com/static/css/app.bc8791d6.css.map","path":"/home/spartan/EndProject/onlinelearningsystem/frontend/dist/css/app.bc8791d6.css.map"},{"name":"bundle.js.map","publicPath":"https://ols-staging.herokuapp.com/static/bundle.js.map","path":"/home/spartan/EndProject/onlinelearningsystem/frontend/dist/bundle.js.map"}]}}